pre	post	type	synapses
ADAL	ADFL	electrical	2
ADAL	AIBR	chemical	1
ADAL	ASHL	electrical	6
ADAL	AVAL	chemical	2
ADAL	AVAR	chemical	1
ADAL	AVBL	chemical	8
ADAL	AVBR	chemical	5
ADAL	AVDR	electrical	6
ADAL	AVER	chemical	1
ADAL	AVJL	chemical	1
ADAL	AVJR	chemical	2
ADAL	PVQL	electrical	4
ADAL	RICL	chemical	1
ADAL	RICR	chemical	1
ADAL	RIML	chemical	5
ADAL	RIPL	chemical	3
ADAR	ADAL	electrical	2
ADAR	ADFR	electrical	2
ADAR	AIBL	chemical	1
ADAR	ASHR	chemical	1
ADAR	ASHR	electrical	6
ADAR	AVAL	chemical	2
ADAR	AVAR	chemical	1
ADAR	AVBL	chemical	3
ADAR	AVBR	chemical	8
ADAR	AVDL	electrical	4
ADAR	AVDR	electrical	2
ADAR	AVEL	chemical	1
ADAR	AVJL	chemical	4
ADAR	RIMR	chemical	3
ADAR	RIPR	chemical	4
ADAR	SMDDR	chemical	1
ADEL	ADER	chemical	2
ADEL	AVAL	chemical	2
ADEL	AVAR	chemical	1
ADEL	AVDL	chemical	3
ADEL	AVEL	chemical	1
ADEL	BDUL	chemical	1
ADEL	FLPL	chemical	2
ADEL	OLLL	chemical	2
ADEL	PVR	chemical	1
ADEL	RIFL	chemical	1
ADEL	RIGL	chemical	6
ADEL	RIGR	chemical	7
ADEL	RIVL	chemical	1
ADEL	RMDL	chemical	1
ADEL	RMDR	chemical	1
ADEL	SIBDR	chemical	1
ADER	ADAR	chemical	2
ADER	ADEL	chemical	1
ADER	ALMR	chemical	1
ADER	AVAL	chemical	3
ADER	AVAR	chemical	1
ADER	AVDR	chemical	1
ADER	AVER	chemical	1
ADER	BDUR	chemical	1
ADER	CEPDR	chemical	1
ADER	PVR	chemical	1
ADER	RIFR	chemical	1
ADER	RIGL	chemical	7
ADER	RIGR	chemical	1
ADER	RIVR	chemical	1
ADER	RMDDL	chemical	1
ADER	RMDR	chemical	1
ADER	RMHL	chemical	2
ADER	SDQR	chemical	1
ADER	SIAVR	chemical	1
ADFL	AIYL	chemical	1
ADFL	AIZL	chemical	6
ADFL	AUAL	chemical	4
ADFL	AVHR	chemical	2
ADFL	RIAL	chemical	14
ADFL	RIGL	chemical	2
ADFL	RIR	chemical	1
ADFL	SIBVL	chemical	1
ADFL	SMBDL	chemical	2
ADFL	SMBVL	chemical	5
ADFR	ADFL	electrical	2
ADFR	AIZL	chemical	2
ADFR	AIZR	chemical	10
ADFR	ASEL	chemical	1
ADFR	AUAR	chemical	4
ADFR	AVHL	chemical	1
ADFR	RIAR	chemical	15
ADFR	SMBVR	chemical	6
ADFR	URXR	chemical	1
ADLL	ADLR	electrical	2
ADLL	AIAL	chemical	4
ADLL	AIBL	chemical	8
ADLL	ASEL	chemical	2
ADLL	ASKL	chemical	1
ADLL	AVAR	chemical	3
ADLL	AVDL	chemical	2
ADLL	AVDR	chemical	5
ADLL	AVHL	chemical	2
ADLL	AWBL	chemical	1
ADLL	AWCL	chemical	5
ADLL	PVPL	chemical	1
ADLL	RMGL	electrical	2
ADLL	SMBVL	chemical	1
ADLR	AIAR	chemical	5
ADLR	AIBR	chemical	6
ADLR	ASER	chemical	3
ADLR	ASHR	chemical	3
ADLR	ASKR	chemical	1
ADLR	AVAR	chemical	1
ADLR	AVDL	chemical	4
ADLR	AVDR	chemical	1
ADLR	AVJR	chemical	1
ADLR	AWCR	chemical	4
ADLR	RMGR	electrical	2
ADLR	SMBVR	chemical	1
AFDL	AFDR	electrical	2
AFDL	AIBL	electrical	2
AFDL	AIYL	chemical	5
AFDR	AIBR	electrical	2
AFDR	AIYR	chemical	8
AFDR	BAGL	chemical	1
AIAL	ADFL	electrical	2
AIAL	AIBL	chemical	9
AIAL	AINR	electrical	2
AIAL	ASEL	chemical	2
AIAL	ASIL	chemical	2
AIAL	ASIL	electrical	4
AIAL	AWAL	electrical	4
AIAL	AWCR	chemical	3
AIAL	RIFL	chemical	2
AIAR	ADAR	chemical	1
AIAR	ADFR	electrical	2
AIAR	AIAL	electrical	2
AIAR	AIBR	chemical	13
AIAR	AINL	electrical	2
AIAR	ASER	chemical	1
AIAR	ASHR	chemical	2
AIAR	AWAR	electrical	4
AIAR	AWCR	chemical	10
AIAR	AWCR	electrical	2
AIAR	RIFR	chemical	3
AIBL	AIAL	chemical	1
AIBL	AVBL	chemical	4
AIBL	AVBR	chemical	1
AIBL	AVEL	chemical	1
AIBL	RIBR	chemical	4
AIBL	RIML	chemical	1
AIBL	RIMR	chemical	12
AIBL	SAADL	chemical	2
AIBL	SMDDR	chemical	4
AIBR	AIBL	electrical	2
AIBR	AVAL	chemical	1
AIBR	AVBR	chemical	4
AIBR	DVC	chemical	1
AIBR	RIBL	chemical	8
AIBR	RIML	chemical	13
AIBR	RIMR	chemical	1
AIBR	SAADR	chemical	2
AIBR	SMDDL	chemical	6
AIBR	SMDVL	chemical	2
AIML	ADFL	chemical	1
AIML	AIAL	chemical	7
AIML	AIBL	chemical	1
AIML	ASGL	chemical	4
AIML	ASJL	chemical	2
AIML	ASKL	chemical	1
AIML	AVEL	chemical	1
AIML	AVFL	chemical	1
AIML	CEPshVL	chemical	1
AIMR	ADFR	chemical	1
AIMR	AIAR	chemical	6
AIMR	AIML	electrical	2
AIMR	AIYR	chemical	1
AIMR	ASGR	chemical	4
AIMR	ASJR	chemical	2
AIMR	ASKR	chemical	2
AIMR	AVDR	chemical	1
AIMR	URXR	chemical	1
AINL	AFDR	chemical	5
AINL	AIBL	chemical	1
AINL	ASEL	chemical	1
AINL	ASGL	electrical	2
AINL	AUAR	chemical	2
AINL	BAGL	chemical	4
AINL	BAGR	chemical	2
AINL	CEPshVR	chemical	2
AINL	CEPVR	chemical	1
AINL	RIBL	chemical	2
AINL	RIBR	chemical	2
AINL	RID	chemical	1
AINR	AFDL	chemical	3
AINR	AINL	electrical	6
AINR	ASER	chemical	1
AINR	ASGR	electrical	2
AINR	AUAL	chemical	1
AINR	BAGL	chemical	1
AINR	BAGR	chemical	4
AINR	CEPshVL	chemical	3
AINR	CEPVL	chemical	2
AINR	RIBL	chemical	3
AINR	RIBR	chemical	2
AINR	RIML	chemical	1
AIYL	AFDL	chemical	2
AIYL	AIZL	chemical	12
AIYL	ASEL	chemical	2
AIYL	ASER	chemical	1
AIYL	RIAL	chemical	2
AIYL	RIBL	chemical	3
AIYL	RIML	electrical	2
AIYL	RIR	chemical	1
AIYR	AIYL	electrical	2
AIYR	AIZR	chemical	11
AIYR	ASER	chemical	1
AIYR	BAGL	chemical	1
AIYR	RIAR	chemical	3
AIYR	RIBR	chemical	4
AIYR	RIMR	electrical	2
AIZL	AIAL	chemical	7
AIZL	AIBL	chemical	6
AIZL	AIBR	chemical	8
AIZL	AIZR	electrical	4
AIZL	ASEL	chemical	1
AIZL	ASHL	electrical	2
AIZL	AVER	chemical	4
AIZL	RIAL	chemical	10
AIZL	RIML	chemical	7
AIZL	SMBDL	chemical	8
AIZL	SMBDR	chemical	1
AIZL	SMBVL	chemical	13
AIZR	AIAR	chemical	8
AIZR	AIBL	chemical	8
AIZR	AIBR	chemical	7
AIZR	ASER	chemical	1
AIZR	ASHR	electrical	2
AIZR	AVEL	chemical	3
AIZR	AVER	chemical	1
AIZR	AWAR	chemical	1
AIZR	AWBR	chemical	2
AIZR	BAGL	chemical	1
AIZR	RIAR	chemical	11
AIZR	RIBR	chemical	1
AIZR	RIMR	chemical	5
AIZR	SMBDR	chemical	5
AIZR	SMBVR	chemical	8
ALA	AVAL	chemical	1
ALA	AVEL	chemical	3
ALA	AVER	chemical	4
ALA	CEPshVL	chemical	1
ALA	CEPshVR	chemical	3
ALA	PVQL	electrical	2
ALA	PVQR	electrical	2
ALML	ADEL	chemical	1
ALML	AVDL	chemical	1
ALML	AVDL	electrical	2
ALML	AVJR	chemical	1
ALML	BDUL	chemical	6
ALML	BDUL	electrical	2
ALML	CEPDL	chemical	2
ALML	CEPVL	chemical	2
ALML	PVCL	chemical	4
ALML	PVCR	chemical	2
ALML	PVNL	chemical	1
ALML	PVR	chemical	1
ALML	PVR	electrical	2
ALML	RICR	chemical	1
ALML	RIFL	chemical	1
ALMR	ADER	chemical	2
ALMR	AVDR	chemical	1
ALMR	AVDR	electrical	2
ALMR	AVM	electrical	6
ALMR	BDUR	chemical	7
ALMR	CEPDR	chemical	2
ALMR	CEPVR	chemical	4
ALMR	PVCR	chemical	4
ALMR	PVNL	chemical	1
ALMR	PVNR	chemical	1
ALMR	PVR	electrical	2
ALMR	URBR	chemical	1
ALNL	RIVR	chemical	1
ALNL	SAAVL	chemical	7
ALNL	SMBDR	chemical	4
ALNL	SMDVR	chemical	1
ALNR	SAAVR	chemical	3
ALNR	SMBDL	chemical	2
ALNR	SMDDL	chemical	1
ALNR	SMDVL	chemical	1
AQR	AVAL	chemical	3
AQR	AVAR	chemical	3
AQR	AVBL	chemical	5
AQR	AVBR	chemical	5
AQR	AVDR	chemical	2
AQR	BAGL	chemical	4
AQR	BAGR	chemical	4
AQR	PVCL	chemical	3
AQR	PVCR	chemical	3
AQR	PVPL	electrical	8
AQR	PVPR	electrical	8
AQR	RIAL	chemical	1
AQR	RIAR	chemical	2
AQR	RIGR	chemical	1
AQR	RIR	chemical	2
ASEL	ADLL	chemical	1
ASEL	AFDR	chemical	1
ASEL	AIAL	chemical	3
ASEL	AIAR	chemical	1
ASEL	AIBL	chemical	8
ASEL	AIBR	chemical	2
ASEL	AIYL	chemical	7
ASEL	AIYR	chemical	4
ASEL	AIZL	chemical	1
ASEL	ASHL	chemical	1
ASEL	AWCR	chemical	4
ASEL	RIAR	chemical	1
ASER	AFDR	chemical	3
ASER	AIAR	chemical	4
ASER	AIBL	chemical	6
ASER	AIBR	chemical	6
ASER	AIYL	chemical	6
ASER	AIYR	chemical	15
ASER	AWAR	chemical	1
ASER	AWCR	chemical	10
ASER	RIAL	chemical	2
ASGL	AIAL	chemical	13
ASGL	AIBL	chemical	5
ASGL	AIZL	electrical	2
ASGR	AIAR	chemical	10
ASGR	AIBR	chemical	2
ASGR	AIZR	electrical	2
ASHL	ADAL	chemical	1
ASHL	ADFL	chemical	3
ASHL	AIAL	chemical	9
ASHL	AIBL	chemical	3
ASHL	ASHR	electrical	2
ASHL	AVAL	chemical	1
ASHL	AVAR	chemical	2
ASHL	AVBL	chemical	3
ASHL	AVBR	chemical	2
ASHL	AVDR	chemical	5
ASHL	AVEL	chemical	1
ASHL	RIAL	chemical	4
ASHR	ADAR	chemical	2
ASHR	ADFR	chemical	3
ASHR	ADLR	chemical	1
ASHR	AIAR	chemical	9
ASHR	AIBR	chemical	3
ASHR	AVAR	chemical	4
ASHR	AVBL	chemical	1
ASHR	AVBR	chemical	4
ASHR	AVDL	chemical	3
ASHR	AVDR	chemical	1
ASHR	AVER	chemical	1
ASHR	AWBR	chemical	1
ASHR	RIAR	chemical	3
ASHR	RIFR	chemical	1
ASIL	AIAL	chemical	5
ASIL	AIBL	chemical	4
ASIL	AIYL	chemical	1
ASIL	ASGL	chemical	2
ASIL	AWCL	chemical	7
ASIL	AWCR	chemical	1
ASIL	CEPshVL	chemical	1
ASIR	ADLR	chemical	1
ASIR	AIAL	chemical	1
ASIR	AIAR	chemical	5
ASIR	AIAR	electrical	4
ASIR	AIBR	chemical	2
ASIR	AINL	chemical	2
ASIR	AIYR	chemical	1
ASIR	ASGR	chemical	3
ASIR	ASIL	electrical	2
ASIR	ASKR	chemical	1
ASIR	AWCL	chemical	1
ASIR	AWCR	chemical	3
ASIR	CEPshVR	chemical	1
ASJL	AIAL	electrical	2
ASJL	ASJR	electrical	2
ASJL	ASKL	chemical	4
ASJL	PVQL	chemical	9
ASJR	ASKR	chemical	6
ASJR	PVQR	chemical	12
ASKL	ADLL	chemical	1
ASKL	AIAL	chemical	16
ASKL	AIAR	chemical	1
ASKL	AIBL	chemical	2
ASKL	AIML	chemical	4
ASKL	ASEL	chemical	1
ASKL	ASJL	chemical	1
ASKL	PVQL	electrical	4
ASKL	RMGL	electrical	2
ASKR	AIAL	chemical	1
ASKR	AIAR	chemical	18
ASKR	AIBR	chemical	5
ASKR	AIMR	chemical	4
ASKR	ASER	chemical	1
ASKR	ASKL	electrical	2
ASKR	PVQR	electrical	4
ASKR	RMGR	electrical	4
AUAL	AINL	electrical	2
AUAL	AINR	electrical	4
AUAL	AUAR	electrical	2
AUAL	AVAL	chemical	3
AUAL	AVEL	chemical	1
AUAL	RIAL	chemical	12
AUAL	RIBL	chemical	11
AUAL	URXL	chemical	1
AUAR	AINL	electrical	4
AUAR	AINR	electrical	4
AUAR	AVAR	chemical	3
AUAR	AVER	chemical	3
AUAR	AWBR	electrical	2
AUAR	RIAR	chemical	6
AUAR	RIBR	chemical	11
AVAL	ADEL	chemical	1
AVAL	ADER	chemical	1
AVAL	AVAR	electrical	2
AVAL	RIGR	chemical	2
AVAL	RIML	electrical	2
AVAL	RIMR	electrical	4
AVAL	URYDL	electrical	2
AVAL	URYVR	electrical	2
AVAR	RIGL	chemical	1
AVBL	DVA	electrical	2
AVBL	SDQR	electrical	2
AVBL	SIBVR	electrical	2
AVBR	AVBL	electrical	8
AVBR	AVDR	chemical	1
AVBR	AVJR	chemical	1
AVBR	DVA	electrical	2
AVBR	SIBVL	electrical	2
AVEL	RMDVL	electrical	2
AVEL	RMDVR	electrical	2
AVEL	URYVR	electrical	2
AVER	AVAR	electrical	2
AVER	RMDVL	electrical	2
AVER	RMDVR	electrical	2
AVFL	AIAL	chemical	1
AVFL	ASKL	chemical	1
AVFL	AVBL	chemical	3
AVFL	AVBR	chemical	1
AVFL	AVFR	chemical	1
AVFL	BDUL	chemical	1
AVFL	RIFL	chemical	2
AVFL	RIFR	chemical	1
AVFR	ADEL	chemical	1
AVFR	AVBR	chemical	1
AVFR	PVNR	chemical	1
AVFR	PVQR	chemical	1
AVFR	RIFR	chemical	2
AVFR	RMGL	chemical	2
AVFR	RMGR	chemical	1
AVFR	SMBVL	chemical	1
AVHL	ADFR	chemical	2
AVHL	ASHR	chemical	1
AVHL	AVDL	chemical	1
AVHL	AWBR	chemical	1
AVHL	DVA	chemical	1
AVHL	PVPR	chemical	1
AVHL	RIH	chemical	1
AVHL	RIR	chemical	2
AVHL	SMBVR	chemical	1
AVHL	URXR	chemical	2
AVHR	ADFL	chemical	1
AVHR	AVER	chemical	1
AVHR	AVJR	chemical	4
AVHR	AWBR	chemical	1
AVHR	DVA	chemical	1
AVHR	PVPL	chemical	3
AVHR	PVPR	chemical	1
AVHR	PVQL	chemical	1
AVHR	RICL	chemical	1
AVHR	RIML	chemical	1
AVHR	RIR	chemical	2
AVHR	SMBVL	chemical	1
AVHR	URXL	chemical	3
AVJL	AIYR	chemical	1
AVJL	AQR	chemical	1
AVJL	AVBL	chemical	2
AVJL	AVBR	chemical	2
AVJL	PVCL	chemical	1
AVJL	PVCR	chemical	3
AVJL	RIMR	chemical	1
AVJL	RIS	chemical	1
AVJR	AVAL	chemical	1
AVJR	AVBL	chemical	2
AVJR	AVBR	chemical	2
AVJR	AVFR	chemical	1
AVJR	AVJL	electrical	2
AVJR	PVCL	chemical	1
AVJR	RIS	chemical	1
AVKL	AQR	electrical	2
AVKL	AVEL	chemical	2
AVKL	AVER	chemical	1
AVKL	AVKR	chemical	1
AVKL	DVC	chemical	1
AVKL	PVPL	electrical	2
AVKL	PVPR	electrical	2
AVKL	RIML	chemical	3
AVKL	RIMR	chemical	2
AVKL	SAADR	chemical	1
AVKL	SAAVR	chemical	1
AVKL	SIADR	chemical	1
AVKL	SMBDR	chemical	1
AVKL	SMDDL	chemical	1
AVKR	ADEL	electrical	2
AVKR	ADER	electrical	2
AVKR	AIBR	chemical	1
AVKR	AVER	chemical	3
AVKR	AVKL	chemical	1
AVKR	AVKL	electrical	6
AVKR	FLPL	chemical	1
AVKR	PVPL	electrical	2
AVKR	PVPR	electrical	2
AVKR	RIGL	chemical	1
AVKR	RIGR	chemical	1
AVKR	RIML	chemical	1
AVKR	RIMR	chemical	3
AVKR	SAADL	chemical	1
AVKR	SMDDL	chemical	1
AVKR	SMDVR	chemical	1
AVL	ADEL	electrical	2
AVM	AVBL	chemical	3
AVM	AVBR	chemical	6
AVM	AVDL	chemical	1
AVM	AVDL	electrical	2
AVM	AVDR	electrical	2
AVM	AVJL	chemical	1
AVM	BDUL	chemical	2
AVM	BDUR	chemical	5
AVM	PVCL	chemical	3
AVM	PVCR	chemical	4
AVM	PVNL	chemical	1
AVM	PVPL	chemical	1
AWAL	ADFL	chemical	1
AWAL	AFDL	chemical	3
AWAL	AIYL	chemical	1
AWAL	AIZL	chemical	8
AWAL	AWBL	chemical	2
AWAR	ADFR	chemical	1
AWAR	ADLR	chemical	1
AWAR	AFDR	chemical	5
AWAR	AIYR	chemical	2
AWAR	AIZR	chemical	8
AWAR	ASER	chemical	1
AWAR	ASHR	chemical	1
AWAR	AWAL	electrical	2
AWAR	AWBR	chemical	1
AWAR	RIFR	chemical	2
AWBL	ADFL	chemical	9
AWBL	AIZL	chemical	3
AWBL	AWBR	electrical	2
AWBL	RIAL	chemical	2
AWBL	RIBL	chemical	1
AWBL	RMGL	electrical	2
AWBL	SMBVL	chemical	4
AWBR	ADFR	chemical	8
AWBR	AIZR	chemical	4
AWBR	RIR	chemical	1
AWBR	RMGR	electrical	2
AWBR	SMBDR	chemical	1
AWBR	SMBVR	chemical	4
AWCL	AIAL	chemical	2
AWCL	AIAR	chemical	2
AWCL	AIBL	chemical	8
AWCL	AIBR	chemical	5
AWCL	AIYL	chemical	7
AWCL	AIYR	chemical	4
AWCL	ASEL	chemical	2
AWCL	AWCR	chemical	14
AWCL	BAGL	chemical	1
AWCL	BAGR	chemical	1
AWCL	RIAR	chemical	1
AWCR	AIAL	chemical	6
AWCR	AIAR	chemical	9
AWCR	AIBL	chemical	2
AWCR	AIBR	chemical	9
AWCR	AIYL	chemical	3
AWCR	AIYR	chemical	3
AWCR	ASER	chemical	5
AWCR	AWCL	chemical	3
BAGL	AFDR	chemical	1
BAGL	AINL	chemical	1
BAGL	AIYR	chemical	2
BAGL	AVAR	chemical	2
BAGL	AVER	chemical	1
BAGL	AWCL	chemical	1
BAGL	RIAR	chemical	4
BAGL	RIBR	chemical	3
BAGL	RIGR	chemical	1
BAGR	AFDL	chemical	1
BAGR	AIYL	chemical	2
BAGR	AQR	chemical	1
BAGR	AUAL	chemical	1
BAGR	AVAL	chemical	2
BAGR	AVEL	chemical	2
BAGR	BAGL	electrical	2
BAGR	OLQVL	chemical	1
BAGR	RIAL	chemical	7
BAGR	RIBL	chemical	4
BAGR	RIGL	chemical	2
BAGR	RIGL	electrical	4
BDUL	ADEL	chemical	1
BDUL	AVEL	chemical	1
BDUL	AVFR	chemical	2
BDUL	AVJR	chemical	2
BDUL	IL2DL	chemical	1
BDUL	PVNL	chemical	2
BDUL	PVNR	chemical	1
BDUL	RIML	chemical	1
BDUL	URADL	chemical	1
BDUR	ALMR	chemical	2
BDUR	AVBR	chemical	1
BDUR	AVJL	chemical	1
BDUR	CEPshVR	chemical	1
BDUR	PVCR	electrical	2
BDUR	PVNL	chemical	1
BDUR	PVNR	chemical	2
CEPDL	AVER	chemical	4
CEPDL	IL1DL	chemical	3
CEPDL	IL1L	chemical	1
CEPDL	OLLL	chemical	3
CEPDL	OLQDL	chemical	4
CEPDL	OLQDL	electrical	4
CEPDL	RIBL	chemical	1
CEPDL	RICL	chemical	3
CEPDL	RICR	chemical	2
CEPDL	RMDVL	chemical	3
CEPDL	RMGL	chemical	1
CEPDL	RMHR	chemical	2
CEPDL	SIADR	chemical	1
CEPDL	URADL	chemical	1
CEPDL	URBL	chemical	1
CEPDL	URXL	chemical	1
CEPDL	URYDL	chemical	2
CEPDR	AVEL	chemical	3
CEPDR	IL1DR	chemical	4
CEPDR	OLLR	chemical	2
CEPDR	OLQDR	chemical	4
CEPDR	OLQDR	electrical	4
CEPDR	RICL	chemical	2
CEPDR	RICR	chemical	3
CEPDR	RIPR	chemical	1
CEPDR	RMDVR	chemical	3
CEPDR	RMFL	chemical	1
CEPDR	RMGR	chemical	1
CEPDR	RMHL	chemical	2
CEPDR	RMHR	chemical	1
CEPDR	SIADL	chemical	1
CEPDR	URADR	chemical	2
CEPDR	URYDR	chemical	1
CEPVL	AVER	chemical	7
CEPVL	IL1VL	chemical	2
CEPVL	OLLL	chemical	5
CEPVL	OLQVL	chemical	5
CEPVL	OLQVL	electrical	2
CEPVL	RIBL	chemical	1
CEPVL	RICL	chemical	5
CEPVL	RICR	chemical	3
CEPVL	RIH	electrical	2
CEPVL	RMDDL	chemical	4
CEPVL	RMHL	chemical	1
CEPVL	RMHR	chemical	2
CEPVL	URAVL	chemical	3
CEPVL	URBL	chemical	1
CEPVL	URYVL	chemical	1
CEPVR	AVEL	chemical	9
CEPVR	AVER	chemical	1
CEPVR	IL1VR	chemical	3
CEPVR	OLLR	chemical	6
CEPVR	OLQVR	chemical	3
CEPVR	OLQVR	electrical	2
CEPVR	PVR	chemical	1
CEPVR	RIBR	chemical	2
CEPVR	RICL	chemical	4
CEPVR	RICR	chemical	3
CEPVR	RIH	electrical	4
CEPVR	RIPR	chemical	1
CEPVR	RMDDR	chemical	3
CEPVR	RMFL	chemical	1
CEPVR	RMGR	chemical	1
CEPVR	RMHL	chemical	1
CEPVR	RMHR	chemical	1
CEPVR	URAVR	chemical	2
DVA	AQR	chemical	3
DVA	AUAL	chemical	2
DVA	AVAL	chemical	2
DVA	AVAR	chemical	1
DVA	AVBR	chemical	1
DVA	AVEL	chemical	4
DVA	AVER	chemical	5
DVA	PVPL	chemical	1
DVA	PVR	chemical	1
DVA	RIBR	chemical	1
DVA	RICR	chemical	1
DVA	RID	chemical	1
DVA	RIH	chemical	1
DVA	RIR	chemical	3
DVA	RMEV	chemical	1
DVA	SDQL	chemical	1
DVA	SIAVL	chemical	1
DVA	SIAVR	chemical	2
DVA	SMBVL	chemical	1
DVA	URXR	chemical	1
DVC	AIBL	chemical	4
DVC	AIBL	electrical	4
DVC	AIBR	chemical	3
DVC	AIBR	electrical	6
DVC	AVAL	chemical	8
DVC	AVAR	chemical	7
DVC	AVEL	chemical	1
DVC	AVER	chemical	1
DVC	AVKL	chemical	2
DVC	CEPshVL	chemical	1
DVC	RIBL	chemical	4
DVC	RIBR	chemical	3
DVC	RIGL	chemical	8
DVC	RIGR	chemical	6
DVC	RIVL	chemical	1
DVC	RMFL	chemical	3
DVC	RMFR	chemical	1
DVC	URYDL	chemical	1
FLPL	ADAR	chemical	1
FLPL	ADEL	chemical	1
FLPL	ADER	chemical	2
FLPL	AIBL	chemical	1
FLPL	AIBR	chemical	1
FLPL	AIBR	electrical	2
FLPL	AVAL	chemical	5
FLPL	AVAR	chemical	8
FLPL	AVBL	chemical	6
FLPL	AVDL	chemical	3
FLPL	AVDR	chemical	2
FLPL	AVEL	chemical	2
FLPL	AVER	chemical	2
FLPL	AVKR	chemical	1
FLPL	DVA	chemical	1
FLPL	PVR	electrical	2
FLPL	RMFL	chemical	1
FLPR	ADAR	chemical	1
FLPR	ADER	chemical	1
FLPR	AIBL	electrical	2
FLPR	AIBR	chemical	2
FLPR	AVAL	chemical	3
FLPR	AVAR	chemical	8
FLPR	AVBL	chemical	2
FLPR	AVBR	chemical	1
FLPR	AVDL	chemical	3
FLPR	AVDR	chemical	5
FLPR	AVEL	chemical	1
FLPR	AVM	electrical	2
FLPR	FLPL	chemical	3
FLPR	RIGL	chemical	1
GLRVL	RMEV	electrical	2
GLRVR	RMEV	electrical	2
IL1DL	BWM-DL01	chemical	7
IL1DL	BWM-DL02	chemical	4
IL1DL	IL1L	electrical	2
IL1DL	OLLL	electrical	2
IL1DL	PVR	chemical	1
IL1DL	RIPL	chemical	3
IL1DL	RMDVL	chemical	6
IL1DR	BWM-DR01	chemical	6
IL1DR	BWM-DR02	chemical	2
IL1DR	IL1DL	electrical	2
IL1DR	IL1R	electrical	2
IL1DR	OLLR	electrical	2
IL1DR	PVR	chemical	2
IL1DR	RIPR	chemical	5
IL1DR	RMDVR	chemical	9
IL1DR	RMEV	electrical	2
IL1L	BWM-DL02	chemical	7
IL1L	BWM-VL02	chemical	10
IL1L	BWM-VL04	chemical	1
IL1L	IL1VL	electrical	2
IL1L	RMDDL	chemical	3
IL1L	RMDR	chemical	1
IL1L	RMDVL	chemical	4
IL1L	RMDVR	chemical	1
IL1L	RMEL	chemical	1
IL1L	RMFR	chemical	2
IL1R	BWM-DR02	chemical	11
IL1R	BWM-DR04	chemical	1
IL1R	BWM-VR02	chemical	9
IL1R	BWM-VR04	chemical	1
IL1R	IL1VR	electrical	2
IL1R	RMDDL	chemical	1
IL1R	RMDDR	chemical	2
IL1R	RMDL	chemical	2
IL1R	RMDR	chemical	2
IL1R	RMDVL	chemical	1
IL1R	RMDVR	chemical	3
IL1R	RMER	chemical	1
IL1R	RMHL	chemical	1
IL1VL	BWM-VL01	chemical	5
IL1VL	BWM-VL02	chemical	4
IL1VL	BWM-VL03	chemical	1
IL1VL	PVR	chemical	1
IL1VL	RIPL	chemical	6
IL1VL	RMDDL	chemical	5
IL1VL	RMER	chemical	1
IL1VR	BWM-VR01	chemical	7
IL1VR	BWM-VR02	chemical	3
IL1VR	BWM-VR03	chemical	1
IL1VR	BWM-VR04	chemical	2
IL1VR	IL1VL	electrical	2
IL1VR	PVR	chemical	1
IL1VR	RIPR	chemical	5
IL1VR	RMDDR	chemical	8
IL2DL	IL1DL	chemical	4
IL2DL	RIBL	chemical	1
IL2DL	RIPL	chemical	5
IL2DL	URADL	chemical	2
IL2DR	AVER	chemical	1
IL2DR	IL1DR	chemical	3
IL2DR	IL1R	chemical	1
IL2DR	OLQDR	chemical	1
IL2DR	RIPR	chemical	9
IL2DR	RMEL	chemical	2
IL2DR	RMHR	chemical	1
IL2DR	URADR	chemical	2
IL2DR	URXR	chemical	1
IL2L	IL1L	chemical	3
IL2L	IL1L	electrical	2
IL2L	OLLL	chemical	1
IL2L	OLQDL	chemical	2
IL2L	OLQVL	chemical	5
IL2L	RIH	chemical	4
IL2L	RMDR	chemical	4
IL2L	RMGL	electrical	2
IL2R	IL1R	chemical	3
IL2R	IL1R	electrical	2
IL2R	OLQDR	chemical	7
IL2R	RIH	chemical	4
IL2R	RMDL	chemical	4
IL2R	RMDVR	chemical	1
IL2R	RMED	chemical	1
IL2R	RMGR	electrical	2
IL2R	URXR	electrical	2
IL2VL	BAGR	chemical	1
IL2VL	GLRVL	chemical	1
IL2VL	IL1VL	chemical	1
IL2VL	OLQVL	chemical	1
IL2VL	RIAL	chemical	1
IL2VL	RIH	chemical	2
IL2VL	RIPL	chemical	8
IL2VL	RMEL	chemical	4
IL2VL	RMER	chemical	2
IL2VL	RMEV	chemical	1
IL2VL	URAVL	chemical	4
IL2VR	CEPVR	chemical	1
IL2VR	GLRVR	chemical	1
IL2VR	IL1VR	chemical	4
IL2VR	OLQVR	chemical	3
IL2VR	RIAR	chemical	1
IL2VR	RIH	chemical	2
IL2VR	RIPR	chemical	10
IL2VR	RMED	chemical	1
IL2VR	RMEL	chemical	3
IL2VR	RMER	chemical	5
IL2VR	URAVR	chemical	4
IL2VR	URXR	chemical	1
OLLL	AVER	chemical	20
OLLL	CEPDL	chemical	1
OLLL	CEPVL	chemical	2
OLLL	IL1L	chemical	1
OLLL	IL1VL	electrical	2
OLLL	IL2L	chemical	1
OLLL	OLLR	electrical	4
OLLL	OLQDL	electrical	2
OLLL	RIBL	chemical	11
OLLL	RIGL	electrical	2
OLLL	RMDDL	chemical	7
OLLL	RMDR	chemical	1
OLLL	RMDVL	chemical	1
OLLL	RMED	chemical	1
OLLL	RMEL	chemical	1
OLLL	SMDDR	chemical	3
OLLL	SMDVR	chemical	5
OLLR	AVEL	chemical	20
OLLR	CEPVR	chemical	1
OLLR	IL1DR	chemical	1
OLLR	IL1R	chemical	1
OLLR	IL1VR	electrical	2
OLLR	OLQDR	electrical	2
OLLR	RIBR	chemical	9
OLLR	RIGR	electrical	2
OLLR	RMDDR	chemical	4
OLLR	RMDL	chemical	3
OLLR	RMDVR	chemical	6
OLLR	RMER	chemical	1
OLLR	SMDDL	chemical	4
OLLR	SMDVL	chemical	6
OLQDL	RICR	chemical	1
OLQDL	RIGL	electrical	2
OLQDL	RMDDR	chemical	2
OLQDL	SIBVL	chemical	2
OLQDR	IL2R	chemical	3
OLQDR	RICL	chemical	1
OLQDR	RIGR	electrical	2
OLQDR	RMDDL	chemical	2
OLQDR	SIBVR	chemical	1
OLQVL	IL2L	chemical	1
OLQVL	RICL	chemical	1
OLQVL	RIGL	electrical	2
OLQVL	RIH	chemical	1
OLQVL	RMDVR	chemical	3
OLQVL	SIBDL	chemical	3
OLQVR	RICL	chemical	1
OLQVR	RICR	chemical	1
OLQVR	RIGR	electrical	2
OLQVR	RIH	chemical	1
OLQVR	RMDDR	electrical	2
OLQVR	RMDVL	chemical	3
OLQVR	SIBDR	chemical	3
PLNL	SAADL	chemical	5
PLNL	SMBVL	chemical	4
PLNR	SAADR	chemical	4
PLNR	SAAVL	chemical	1
PLNR	SMBVR	chemical	5
PLNR	SMDVL	chemical	1
PVCL	AVAR	chemical	1
PVCL	AVBL	chemical	5
PVCL	AVBR	chemical	9
PVCL	AVDL	chemical	1
PVCL	AVDR	chemical	4
PVCL	AVEL	chemical	1
PVCL	AVER	chemical	3
PVCL	PVCR	chemical	1
PVCL	SIAVL	chemical	1
PVCL	SIAVR	chemical	1
PVCL	SIBVR	chemical	1
PVCR	AVAL	chemical	1
PVCR	AVAR	chemical	1
PVCR	AVBL	chemical	9
PVCR	AVBR	chemical	5
PVCR	AVDL	chemical	5
PVCR	AVDR	chemical	1
PVCR	AVEL	chemical	1
PVCR	AVER	chemical	1
PVCR	RID	chemical	5
PVNL	ALMR	chemical	1
PVNL	BDUR	chemical	4
PVNL	PVCR	chemical	1
PVNR	BDUL	chemical	2
PVNR	BDUR	chemical	5
PVNR	CEPshVR	chemical	1
PVNR	PVNL	chemical	1
PVNR	RIFR	chemical	1
PVPL	ADLL	chemical	1
PVPL	AIZR	chemical	1
PVPL	ASHL	chemical	1
PVPL	AVAL	chemical	1
PVPL	AVAR	chemical	2
PVPL	AVBL	chemical	4
PVPL	AVBR	chemical	5
PVPL	AVDR	chemical	3
PVPL	AVHR	chemical	2
PVPL	AVJR	chemical	1
PVPL	PVCL	chemical	1
PVPL	PVCR	chemical	1
PVPL	PVPR	electrical	2
PVPL	RIGL	chemical	2
PVPL	RIS	chemical	1
PVPL	SIBVL	chemical	1
PVPR	ADEL	chemical	1
PVPR	AQR	chemical	5
PVPR	AVAL	chemical	2
PVPR	AVAR	chemical	3
PVPR	AVBL	chemical	4
PVPR	AVBR	chemical	6
PVPR	AVHR	chemical	1
PVPR	AVJL	chemical	1
PVPR	PVCR	chemical	4
PVPR	RIFR	chemical	1
PVPR	RIGR	chemical	1
PVPR	SMBVR	chemical	1
PVQL	AIAL	chemical	8
PVQL	AIML	chemical	1
PVQL	ASEL	chemical	1
PVQL	ASKL	chemical	7
PVQL	AVBL	chemical	1
PVQL	AVFL	chemical	2
PVQL	CEPshVL	chemical	1
PVQL	PVQR	electrical	2
PVQR	AIAR	chemical	8
PVQR	AIMR	chemical	1
PVQR	ALA	chemical	1
PVQR	ASKR	chemical	6
PVQR	AVFR	chemical	1
PVQR	RIFR	chemical	1
PVR	ALMR	chemical	1
PVR	AVBL	chemical	3
PVR	AVBR	chemical	4
PVR	AVJL	chemical	2
PVR	AVJR	chemical	1
PVR	CEPVL	chemical	1
PVR	IL1DL	chemical	2
PVR	IL1DR	chemical	1
PVR	IL1VL	chemical	3
PVR	IL1VR	chemical	2
PVR	RIPL	chemical	5
PVR	RIPR	chemical	5
PVT	AIBL	electrical	2
PVT	AIBR	chemical	3
PVT	AIBR	electrical	2
PVT	AVKL	chemical	8
PVT	AVKL	electrical	2
PVT	AVKR	chemical	9
PVT	AVKR	electrical	2
PVT	AVL	chemical	3
PVT	BAGL	chemical	1
PVT	BAGR	chemical	1
PVT	DVC	chemical	1
PVT	RIGL	chemical	3
PVT	RIGR	chemical	2
PVT	RMED	chemical	1
PVT	RMEV	chemical	3
PVT	RMFL	chemical	1
PVT	RMFR	chemical	4
PVT	SMBVR	chemical	1
RIAL	RIAR	chemical	2
RIAL	RIVL	chemical	1
RIAL	RIVR	chemical	5
RIAL	RMDDL	chemical	13
RIAL	RMDDR	chemical	7
RIAL	RMDL	chemical	11
RIAL	RMDR	chemical	9
RIAL	RMDVL	chemical	13
RIAL	RMDVR	chemical	19
RIAL	SDQL	chemical	1
RIAL	SIAVL	chemical	4
RIAL	SIAVR	chemical	5
RIAL	SMBDR	chemical	1
RIAL	SMBVR	chemical	1
RIAL	SMDDL	chemical	12
RIAL	SMDDR	chemical	8
RIAL	SMDVL	chemical	7
RIAL	SMDVR	chemical	13
RIAR	AIBL	chemical	1
RIAR	AVAR	chemical	2
RIAR	CEPVR	chemical	1
RIAR	RIAL	chemical	5
RIAR	RIVL	chemical	2
RIAR	RMDDL	chemical	6
RIAR	RMDDR	chemical	14
RIAR	RMDL	chemical	11
RIAR	RMDR	chemical	7
RIAR	RMDVL	chemical	12
RIAR	RMDVR	chemical	6
RIAR	SIADR	chemical	1
RIAR	SMDDL	chemical	3
RIAR	SMDDR	chemical	13
RIAR	SMDVL	chemical	12
RIAR	SMDVR	chemical	4
RIBL	AIBR	chemical	3
RIBL	AIZL	chemical	1
RIBL	AUAL	chemical	1
RIBL	AVAL	chemical	2
RIBL	AVBL	electrical	2
RIBL	AVBR	chemical	1
RIBL	AVBR	electrical	4
RIBL	AVDR	chemical	1
RIBL	AVEL	chemical	3
RIBL	AVER	chemical	5
RIBL	BAGL	chemical	1
RIBL	BAGR	chemical	5
RIBL	OLQDL	electrical	2
RIBL	OLQVL	electrical	2
RIBL	RIAL	chemical	3
RIBL	RIBL	electrical	2
RIBL	RIGL	electrical	2
RIBL	RIH	chemical	1
RIBL	RIS	chemical	1
RIBL	SIADL	electrical	2
RIBL	SIAVL	electrical	2
RIBL	SIBDL	electrical	2
RIBL	SIBVL	electrical	2
RIBL	SIBVR	electrical	1
RIBL	SMDDL	electrical	2
RIBL	SMDDR	electrical	2
RIBL	SMDVR	chemical	1
RIBL	SMDVR	electrical	6
RIBL	URYDL	chemical	1
RIBL	URYVL	chemical	1
RIBR	AIBL	chemical	3
RIBR	AUAR	chemical	2
RIBR	AVAR	chemical	1
RIBR	AVBL	electrical	2
RIBR	AVBR	electrical	2
RIBR	AVEL	chemical	2
RIBR	AVER	chemical	3
RIBR	BAGL	chemical	4
RIBR	OLQDR	electrical	2
RIBR	RIAR	chemical	3
RIBR	RIBL	electrical	6
RIBR	RIBR	electrical	2
RIBR	RIGR	electrical	2
RIBR	RIMR	chemical	1
RIBR	SIADR	electrical	2
RIBR	SIAVR	electrical	2
RIBR	SIBVL	electrical	2
RIBR	SIBVR	electrical	4
RIBR	SMBDR	electrical	2
RIBR	SMDDL	chemical	1
RIBR	SMDDL	electrical	2
RIBR	SMDDR	chemical	2
RIBR	SMDDR	electrical	2
RIBR	SMDVL	chemical	3
RIBR	SMDVL	electrical	4
RIBR	URYVR	chemical	1
RICL	ADAL	chemical	2
RICL	ADAR	chemical	1
RICL	AIBL	chemical	1
RICL	ASHL	electrical	6
RICL	AVAL	chemical	8
RICL	AVAR	chemical	5
RICL	AVEL	chemical	1
RICL	AVKL	electrical	2
RICL	AVKR	chemical	1
RICL	AVKR	electrical	2
RICL	CEPVR	chemical	1
RICL	RIMR	chemical	4
RICL	SMDDL	chemical	4
RICL	SMDDR	chemical	3
RICL	SMDVL	chemical	1
RICL	SMDVR	chemical	3
RICR	ADAL	chemical	1
RICR	ADAR	chemical	1
RICR	AIBL	chemical	1
RICR	ASHR	electrical	2
RICR	AVAL	chemical	9
RICR	AVAR	chemical	8
RICR	AVKL	electrical	2
RICR	AVKR	electrical	2
RICR	CEPVL	chemical	1
RICR	RIMR	chemical	1
RICR	RIVL	chemical	1
RICR	SMBDR	chemical	2
RICR	SMDDL	chemical	3
RICR	SMDDR	chemical	5
RICR	SMDVL	chemical	3
RICR	SMDVR	chemical	1
RID	AIZR	chemical	1
RID	AVBL	electrical	2
RID	AVBR	electrical	2
RID	DVA	chemical	1
RID	RICR	chemical	1
RIFL	ADAL	chemical	1
RIFL	ASHL	chemical	1
RIFL	AVBL	chemical	12
RIFL	AVBR	chemical	1
RIFL	AVJL	chemical	2
RIFL	AVJR	chemical	3
RIFL	PVNL	chemical	1
RIFL	RIML	chemical	5
RIFR	ASHR	chemical	1
RIFR	AVBL	chemical	1
RIFR	AVBR	chemical	13
RIFR	AVDL	chemical	1
RIFR	AVJL	chemical	4
RIFR	PVCL	chemical	1
RIFR	PVNL	chemical	1
RIFR	PVPR	chemical	6
RIFR	RIAR	chemical	1
RIFR	RIMR	chemical	3
RIFR	URADR	chemical	1
RIGL	AIBR	electrical	8
RIGL	AIZL	chemical	2
RIGL	AQR	electrical	4
RIGL	AVER	chemical	2
RIGL	AVKL	chemical	2
RIGL	AVKL	electrical	2
RIGL	AVKR	chemical	1
RIGL	RIBL	chemical	2
RIGL	RIGR	electrical	6
RIGL	RIR	chemical	3
RIGL	RMGL	chemical	1
RIGL	RMHR	chemical	2
RIGL	URYDL	chemical	1
RIGR	AIBL	chemical	1
RIGR	AIBL	electrical	6
RIGR	AQR	electrical	6
RIGR	AVER	chemical	1
RIGR	AVKL	chemical	3
RIGR	AVKR	electrical	4
RIGR	BAGL	chemical	2
RIGR	BAGL	electrical	2
RIGR	PLNR	chemical	1
RIGR	RIBR	chemical	2
RIGR	RIR	chemical	1
RIGR	RMFR	chemical	2
RIGR	RMGR	chemical	1
RIGR	RMHL	chemical	3
RIGR	SIAVR	chemical	1
RIH	ADFL	electrical	2
RIH	ADFR	electrical	2
RIH	AIZL	chemical	6
RIH	AIZR	chemical	5
RIH	AUAR	chemical	1
RIH	BAGL	chemical	2
RIH	CEPDR	chemical	1
RIH	CEPDR	electrical	2
RIH	CEPVL	chemical	1
RIH	FLPL	electrical	4
RIH	FLPR	electrical	4
RIH	IL2R	chemical	1
RIH	IL2VR	chemical	1
RIH	OLQDR	chemical	3
RIH	OLQDR	electrical	2
RIH	OLQVL	chemical	2
RIH	OLQVR	chemical	4
RIH	RIAL	chemical	12
RIH	RIAR	chemical	10
RIH	RIBL	chemical	6
RIH	RIBR	chemical	4
RIH	RIPL	chemical	2
RIH	RIPR	chemical	2
RIH	SMDVL	chemical	1
RIH	URYVR	chemical	1
RIML	ADAL	chemical	1
RIML	AIBR	chemical	6
RIML	AVAR	chemical	1
RIML	AVAR	electrical	6
RIML	AVBL	chemical	3
RIML	AVBR	chemical	6
RIML	AVEL	electrical	4
RIML	AVER	electrical	4
RIML	BWM-DR04	chemical	2
RIML	BWM-DR06	chemical	1
RIML	BWM-VR04	chemical	3
RIML	BWM-VR06	chemical	2
RIML	PVCL	chemical	1
RIML	RIBL	chemical	5
RIML	RIGL	chemical	1
RIML	RMDL	chemical	3
RIML	RMDR	chemical	7
RIML	RMFR	chemical	1
RIML	SAADL	chemical	1
RIML	SAADR	chemical	2
RIML	SAAVL	chemical	3
RIML	SAAVR	chemical	3
RIML	SMDDL	chemical	5
RIML	SMDDR	chemical	1
RIML	SMDVL	chemical	3
RIML	SMDVR	chemical	3
RIMR	AIBL	chemical	6
RIMR	AVAL	chemical	1
RIMR	AVAR	electrical	2
RIMR	AVBL	chemical	3
RIMR	AVBR	chemical	2
RIMR	AVEL	chemical	1
RIMR	AVEL	electrical	4
RIMR	AVER	electrical	4
RIMR	BWM-DL04	chemical	1
RIMR	BWM-DL06	chemical	1
RIMR	BWM-VL04	chemical	3
RIMR	BWM-VL06	chemical	3
RIMR	RIBL	chemical	2
RIMR	RIBR	chemical	4
RIMR	RIGR	chemical	1
RIMR	RMDL	chemical	3
RIMR	RMDR	chemical	1
RIMR	RMFL	chemical	1
RIMR	RMFR	chemical	2
RIMR	SAADL	chemical	2
RIMR	SAAVL	chemical	3
RIMR	SAAVR	chemical	3
RIMR	SMDDL	chemical	1
RIMR	SMDDR	chemical	4
RIMR	SMDVL	chemical	1
RIMR	SMDVR	chemical	3
RIPL	OLQVL	chemical	1
RIPR	AVBR	chemical	1
RIPR	OLQVR	chemical	1
RIR	ADFL	chemical	1
RIR	ADFR	chemical	2
RIR	AIZL	chemical	6
RIR	AIZR	chemical	4
RIR	ASER	chemical	1
RIR	AVHL	chemical	1
RIR	BAGL	electrical	4
RIR	BAGR	chemical	1
RIR	BAGR	electrical	4
RIR	DVA	chemical	1
RIR	RIAL	chemical	4
RIR	RIAR	chemical	3
RIR	RIGR	chemical	1
RIR	RIH	electrical	2
RIR	URXL	chemical	4
RIR	URXR	chemical	3
RIS	AIBL	electrical	2
RIS	AVEL	chemical	9
RIS	AVER	chemical	8
RIS	AVJL	electrical	2
RIS	AVJR	electrical	2
RIS	AVKL	chemical	4
RIS	AVKR	chemical	7
RIS	CEPDL	chemical	1
RIS	CEPVL	chemical	2
RIS	CEPVR	chemical	2
RIS	OLLL	chemical	1
RIS	RIBL	chemical	3
RIS	RIBR	chemical	5
RIS	RICR	chemical	2
RIS	RIML	chemical	4
RIS	RIML	electrical	2
RIS	RIMR	chemical	5
RIS	RIMR	electrical	2
RIS	RMDL	chemical	2
RIS	RMDR	chemical	1
RIS	RMFR	chemical	1
RIS	SMDDL	electrical	2
RIS	SMDDR	chemical	1
RIS	SMDDR	electrical	2
RIS	SMDVL	chemical	2
RIS	SMDVR	chemical	1
RIS	URYDL	chemical	1
RIVL	AIBL	electrical	2
RIVL	AVEL	electrical	2
RIVL	BWM-VR05	chemical	3
RIVL	BWM-VR06	chemical	3
RIVL	BWM-VR07	chemical	3
RIVL	BWM-VR08	chemical	1
RIVL	RIAL	chemical	2
RIVL	RIAR	chemical	3
RIVL	RIVR	electrical	4
RIVL	RMDDR	chemical	2
RIVL	RMDL	chemical	1
RIVL	RMDVL	chemical	2
RIVL	RMFR	chemical	1
RIVL	SAADR	chemical	4
RIVL	SDQR	chemical	1
RIVL	SDQR	electrical	4
RIVL	SIAVR	chemical	4
RIVL	SMDDR	chemical	3
RIVL	SMDVL	chemical	2
RIVR	AVER	electrical	2
RIVR	BWM-VL04	chemical	2
RIVR	BWM-VL06	chemical	2
RIVR	BWM-VL08	chemical	1
RIVR	BWM-VR05	chemical	2
RIVR	RIAL	chemical	2
RIVR	RMDDL	chemical	1
RIVR	RMDR	chemical	1
RIVR	RMDVR	chemical	2
RIVR	RMEV	chemical	1
RIVR	SAADL	chemical	3
RIVR	SDQR	electrical	6
RIVR	SIAVL	chemical	4
RIVR	SMDDL	chemical	1
RIVR	SMDVL	chemical	1
RIVR	SMDVR	chemical	2
RMDDL	AVER	electrical	2
RMDDL	BWM-DR01	chemical	3
RMDDL	BWM-DR02	chemical	7
RMDDL	BWM-DR03	chemical	7
RMDDL	BWM-DR04	chemical	6
RMDDL	BWM-DR05	chemical	5
RMDDL	BWM-DR07	chemical	1
RMDDL	OLQVL	electrical	2
RMDDL	RMDL	electrical	4
RMDDL	RMDVL	electrical	2
RMDDL	RMDVR	chemical	9
RMDDL	SAADL	electrical	2
RMDDR	AVEL	electrical	2
RMDDR	BWM-DL01	chemical	4
RMDDR	BWM-DL02	chemical	10
RMDDR	BWM-DL03	chemical	4
RMDDR	BWM-DL04	chemical	6
RMDDR	BWM-DL06	chemical	1
RMDDR	BWM-DL07	chemical	1
RMDDR	BWM-VL02	chemical	1
RMDDR	OLQDL	electrical	2
RMDDR	RMDDL	electrical	2
RMDDR	RMDVL	chemical	10
RMDDR	RMDVR	electrical	2
RMDDR	RMEV	chemical	1
RMDDR	SAADR	electrical	2
RMDL	BWM-DR02	chemical	1
RMDL	BWM-DR04	chemical	7
RMDL	BWM-DR06	chemical	1
RMDL	BWM-VR02	chemical	1
RMDL	BWM-VR04	chemical	5
RMDL	IL1R	chemical	1
RMDL	IL2R	chemical	1
RMDL	RIAL	chemical	3
RMDL	RIAR	chemical	3
RMDL	RIML	chemical	1
RMDL	RMDR	chemical	4
RMDL	RMDVR	chemical	1
RMDL	RMER	chemical	1
RMDL	RMGR	chemical	1
RMDL	RMHL	chemical	2
RMDR	BWM-DL02	chemical	2
RMDR	BWM-DL04	chemical	2
RMDR	BWM-DL06	chemical	1
RMDR	BWM-VL02	chemical	2
RMDR	BWM-VL04	chemical	5
RMDR	BWM-VL06	chemical	2
RMDR	IL1L	chemical	1
RMDR	IL2L	chemical	1
RMDR	RIAL	chemical	4
RMDR	RIAR	chemical	5
RMDR	RMDDL	chemical	1
RMDR	RMDDR	electrical	4
RMDR	RMDL	chemical	4
RMDR	RMHR	chemical	1
RMDR	SMDDR	electrical	2
RMDR	SMDVR	chemical	1
RMDVL	BWM-VL03	chemical	1
RMDVL	BWM-VL05	chemical	2
RMDVL	BWM-VR01	chemical	8
RMDVL	BWM-VR02	chemical	7
RMDVL	BWM-VR03	chemical	7
RMDVL	BWM-VR04	chemical	6
RMDVL	BWM-VR05	chemical	3
RMDVL	BWM-VR06	chemical	1
RMDVL	BWM-VR07	chemical	2
RMDVL	RMDDR	chemical	9
RMDVR	BWM-VL01	chemical	5
RMDVR	BWM-VL02	chemical	6
RMDVR	BWM-VL03	chemical	5
RMDVR	BWM-VL04	chemical	6
RMDVR	BWM-VL05	chemical	3
RMDVR	BWM-VL06	chemical	1
RMDVR	BWM-VL07	chemical	2
RMDVR	BWM-VR05	chemical	2
RMDVR	RMDDL	chemical	10
RMDVR	RMDVL	electrical	2
RMDVR	RMED	chemical	1
RMDVR	SMBVL	chemical	1
RMED	AVEL	electrical	2
RMED	BWM-VL01	chemical	10
RMED	BWM-VL03	chemical	7
RMED	BWM-VR01	chemical	9
RMED	BWM-VR03	chemical	8
RMED	BWM-VR05	chemical	1
RMED	IL1VL	electrical	2
RMED	IL1VR	electrical	2
RMED	RIPL	electrical	2
RMED	RIPR	electrical	2
RMED	RMDVL	chemical	1
RMED	RMDVR	chemical	1
RMED	SMDDL	chemical	2
RMED	SMDDR	chemical	1
RMEL	AVEL	electrical	2
RMEL	BWM-DR02	chemical	17
RMEL	BWM-DR04	chemical	7
RMEL	BWM-VR02	chemical	11
RMEL	BWM-VR04	chemical	2
RMEL	GLRR	electrical	2
RMEL	IL2VL	chemical	1
RMEL	RIGL	electrical	2
RMER	BWM-DL02	chemical	10
RMER	BWM-DL04	chemical	2
RMER	BWM-VL02	chemical	9
RMEV	AIBR	electrical	2
RMEV	AVEL	electrical	2
RMEV	AVER	electrical	2
RMEV	BWM-DL01	chemical	4
RMEV	BWM-DL03	chemical	2
RMEV	BWM-DR01	chemical	7
RMEV	BWM-DR03	chemical	4
RMEV	IL1DL	electrical	2
RMEV	SMDVL	chemical	1
RMEV	SMDVR	chemical	1
RMFL	AIBL	chemical	1
RMFL	AVKL	chemical	1
RMFL	AVKR	chemical	4
RMFL	BWM-DR02	chemical	5
RMFL	BWM-DR04	chemical	4
RMFL	BWM-DR06	chemical	1
RMFL	BWM-VR02	chemical	3
RMFL	BWM-VR04	chemical	4
RMFL	RMDR	chemical	8
RMFR	AIBR	chemical	1
RMFR	AVKL	chemical	1
RMFR	AVKR	chemical	3
RMFR	BWM-DL02	chemical	2
RMFR	BWM-DL04	chemical	3
RMFR	BWM-VL02	chemical	4
RMFR	BWM-VL04	chemical	5
RMFR	RMDL	chemical	4
RMFR	RMGL	electrical	2
RMGL	AIML	chemical	1
RMGL	ASHL	electrical	2
RMGL	AVEL	chemical	1
RMGL	BWM-DL04	chemical	2
RMGL	BWM-DL06	chemical	5
RMGL	BWM-DL08	chemical	3
RMGL	BWM-VL04	chemical	2
RMGL	BWM-VL06	chemical	8
RMGL	BWM-VL08	chemical	6
RMGL	RICR	chemical	1
RMGL	RMDL	chemical	2
RMGL	RMDR	chemical	3
RMGL	RMDVL	chemical	4
RMGL	RMHL	electrical	2
RMGL	RMHR	chemical	1
RMGL	SAADR	chemical	1
RMGL	SIBVL	chemical	1
RMGL	SMBVL	chemical	1
RMGL	URXL	chemical	1
RMGR	ALMR	chemical	1
RMGR	ASHR	electrical	2
RMGR	AVBR	chemical	1
RMGR	AVER	chemical	1
RMGR	AVJL	chemical	1
RMGR	BWM-DR04	chemical	2
RMGR	BWM-DR06	chemical	7
RMGR	BWM-DR08	chemical	6
RMGR	BWM-VR06	chemical	4
RMGR	BWM-VR08	chemical	3
RMGR	CEPVR	chemical	1
RMGR	RICR	chemical	1
RMGR	RMDL	chemical	4
RMGR	RMDR	chemical	3
RMGR	RMDVR	chemical	4
RMGR	RMFL	electrical	2
RMGR	RMHR	electrical	2
RMGR	SAADL	chemical	1
RMGR	SIBVL	chemical	1
RMGR	SIBVR	chemical	1
RMGR	SMBVR	chemical	1
RMGR	URXR	chemical	1
RMHL	AVKL	chemical	1
RMHL	BWM-DR02	chemical	5
RMHL	BWM-DR04	chemical	1
RMHL	BWM-VR02	chemical	6
RMHL	BWM-VR04	chemical	2
RMHL	RIGR	chemical	1
RMHL	RMDR	chemical	3
RMHL	RMFL	chemical	2
RMHL	RMGR	chemical	1
RMHL	URXL	chemical	1
RMHR	AVKL	chemical	1
RMHR	BWM-DL02	chemical	3
RMHR	BWM-DL04	chemical	3
RMHR	BWM-VL02	chemical	2
RMHR	BWM-VL04	chemical	2
RMHR	RIGL	chemical	1
RMHR	RMDL	chemical	2
RMHR	RMFR	chemical	1
SAADL	AVAL	chemical	5
SAADL	OLLR	chemical	1
SAADL	RIML	chemical	4
SAADL	RIMR	chemical	4
SAADL	RIVR	electrical	2
SAADR	AVAR	chemical	7
SAADR	OLLL	chemical	1
SAADR	RIML	chemical	3
SAADR	RIMR	chemical	4
SAADR	SMDVL	chemical	1
SAAVL	AVAL	chemical	9
SAAVL	RIML	chemical	3
SAAVL	RIMR	chemical	7
SAAVL	RMDVL	electrical	4
SAAVL	RMFR	chemical	2
SAAVL	SMBVR	electrical	6
SAAVL	SMDDR	chemical	2
SAAVR	AVAR	chemical	13
SAAVR	RIML	chemical	10
SAAVR	RIMR	chemical	1
SAAVR	RMDVR	electrical	4
SAAVR	RMFL	chemical	1
SAAVR	SMBVL	electrical	6
SAAVR	SMDDL	chemical	7
SDQL	AIBL	chemical	1
SDQL	AVAL	chemical	1
SDQL	AVAR	chemical	2
SDQL	FLPL	chemical	1
SDQR	AIBL	chemical	1
SDQR	AVAL	chemical	2
SDQR	AVBL	chemical	6
SDQR	AVBR	chemical	1
SDQR	DVA	chemical	5
SDQR	SDQL	electrical	2
SIAVR	SAADR	chemical	4
SIBDL	AIMR	electrical	2
SIBDR	AIML	electrical	2
SIBDR	RIBR	electrical	4
SIBDR	RICR	chemical	1
SIBDR	SIBVR	electrical	4
SIBDR	SMBDR	chemical	1
SIBVL	SIBDL	electrical	2
SMBDL	AVKL	electrical	4
SMBDL	BWM-DR01	chemical	3
SMBDL	BWM-DR02	chemical	4
SMBDL	BWM-DR03	chemical	5
SMBDL	BWM-DR04	chemical	3
SMBDL	BWM-DR05	chemical	5
SMBDL	BWM-DR07	chemical	1
SMBDL	RMED	chemical	4
SMBDL	SAAVR	chemical	1
SMBDR	ALNL	chemical	1
SMBDR	AVAR	chemical	1
SMBDR	AVKR	electrical	6
SMBDR	BWM-DL01	chemical	2
SMBDR	BWM-DL03	chemical	4
SMBDR	BWM-DL04	chemical	2
SMBDR	BWM-DL05	chemical	3
SMBDR	BWM-DL07	chemical	1
SMBDR	BWM-DL08	chemical	1
SMBDR	RMDDR	chemical	1
SMBDR	RMED	chemical	6
SMBDR	SAAVL	chemical	2
SMBDR	SAAVR	chemical	1
SMBVL	AVKL	electrical	2
SMBVL	BWM-VL01	chemical	2
SMBVL	BWM-VL02	chemical	1
SMBVL	BWM-VL03	chemical	5
SMBVL	BWM-VL04	chemical	1
SMBVL	BWM-VL05	chemical	3
SMBVL	BWM-VL07	chemical	4
SMBVL	PLNL	chemical	3
SMBVL	RMEV	chemical	7
SMBVL	SAADL	chemical	9
SMBVL	SIAVL	chemical	1
SMBVR	AVKR	electrical	2
SMBVR	BWM-VR01	chemical	3
SMBVR	BWM-VR02	chemical	1
SMBVR	BWM-VR03	chemical	5
SMBVR	BWM-VR04	chemical	2
SMBVR	BWM-VR05	chemical	4
SMBVR	BWM-VR06	chemical	1
SMBVR	BWM-VR07	chemical	1
SMBVR	RMEV	chemical	6
SMBVR	SAADR	chemical	6
SMBVR	SIBVR	electrical	2
SMDDL	ALNR	chemical	1
SMDDL	BWM-DR01	chemical	1
SMDDL	BWM-DR03	chemical	2
SMDDL	BWM-DR04	chemical	1
SMDDL	BWM-DR05	chemical	1
SMDDL	BWM-DR06	chemical	1
SMDDL	CEPDR	chemical	1
SMDDL	RIAL	chemical	1
SMDDL	RIAR	chemical	4
SMDDL	RMDDL	electrical	2
SMDDL	RMDL	electrical	2
SMDDL	SAAVR	chemical	1
SMDDL	SMDDR	electrical	2
SMDDL	SMDVR	chemical	2
SMDDR	BWM-DL01	chemical	1
SMDDR	BWM-DL03	chemical	2
SMDDR	BWM-DL04	chemical	1
SMDDR	BWM-DL05	chemical	2
SMDDR	BWM-DR03	chemical	1
SMDDR	BWM-DR05	chemical	1
SMDDR	CEPDL	chemical	1
SMDDR	RIAL	chemical	4
SMDDR	RIAR	chemical	4
SMDDR	RMDDR	electrical	2
SMDDR	SAAVL	chemical	1
SMDDR	SMDVL	chemical	1
SMDVL	BWM-VR01	chemical	1
SMDVL	BWM-VR03	chemical	2
SMDVL	BWM-VR04	chemical	2
SMDVL	BWM-VR05	chemical	1
SMDVL	BWM-VR06	chemical	1
SMDVL	RIAL	chemical	5
SMDVL	RIAR	chemical	10
SMDVL	RIVL	electrical	2
SMDVL	RMDVL	electrical	2
SMDVL	SAADR	chemical	1
SMDVL	SMDDR	chemical	6
SMDVR	BWM-VL01	chemical	1
SMDVR	BWM-VL03	chemical	2
SMDVR	BWM-VL04	chemical	1
SMDVR	BWM-VL05	chemical	1
SMDVR	BWM-VL06	chemical	1
SMDVR	CEPVL	chemical	2
SMDVR	RIAL	chemical	10
SMDVR	RIAR	chemical	1
SMDVR	RIVR	electrical	2
SMDVR	RMDVR	electrical	2
SMDVR	SMDDL	chemical	5
SMDVR	SMDVL	electrical	2
URADL	BWM-DL01	chemical	5
URADL	BWM-DL02	chemical	7
URADL	RIPL	chemical	5
URADL	RMDVL	chemical	1
URADR	BWM-DR01	chemical	6
URADR	BWM-DR02	chemical	3
URADR	BWM-DR04	chemical	1
URADR	RIPR	chemical	3
URADR	RMDDL	chemical	1
URAVL	BWM-DL02	chemical	1
URAVL	BWM-VL01	chemical	4
URAVL	BWM-VL02	chemical	5
URAVL	IL1L	chemical	1
URAVL	RIPL	chemical	3
URAVL	RMER	chemical	1
URAVR	BWM-VR01	chemical	9
URAVR	BWM-VR02	chemical	4
URAVR	BWM-VR04	chemical	1
URAVR	IL1VR	chemical	1
URAVR	RIPR	chemical	3
URAVR	RMDVL	chemical	1
URAVR	RMEL	chemical	2
URAVR	RMER	chemical	1
URBL	ADAL	chemical	1
URBL	CEPDL	chemical	3
URBL	CEPVL	chemical	1
URBL	IL1L	chemical	1
URBL	OLLL	chemical	1
URBL	OLQDL	electrical	2
URBL	OLQVL	electrical	2
URBL	RICL	chemical	1
URBL	RICR	chemical	1
URBL	RMEL	chemical	1
URBL	RMHR	chemical	2
URBL	SMBDR	chemical	1
URBL	URXL	chemical	5
URBR	CEPDR	chemical	3
URBR	IL1R	chemical	2
URBR	OLQDR	electrical	2
URBR	OLQVR	electrical	4
URBR	RMHL	chemical	3
URBR	RMHR	chemical	1
URBR	SMBDL	chemical	2
URBR	URXR	chemical	8
URXL	ADAL	chemical	1
URXL	AUAL	chemical	8
URXL	AUAL	electrical	2
URXL	AVEL	chemical	2
URXL	AVHR	chemical	1
URXL	RIAL	chemical	6
URXL	RICL	chemical	2
URXL	RICR	chemical	1
URXL	RIGL	chemical	1
URXL	RMGL	electrical	2
URXR	AUAR	chemical	6
URXR	AUAR	electrical	2
URXR	AVER	chemical	2
URXR	RIAR	chemical	8
URXR	RICL	chemical	1
URXR	RICR	chemical	2
URXR	RIGR	chemical	1
URXR	RMGR	electrical	2
URXR	SMBDL	chemical	1
URYDL	AVER	chemical	1
URYDL	RIGL	electrical	4
URYDL	RMDDR	chemical	2
URYDL	RMDVL	chemical	2
URYDL	SMDDR	chemical	4
URYDR	AVAR	electrical	2
URYDR	AVEL	chemical	1
URYDR	RIGR	electrical	4
URYDR	RMDDL	chemical	3
URYDR	RMDVR	chemical	2
URYDR	SMDDL	chemical	1
URYVL	AVAR	electrical	2
URYVL	AVER	chemical	9
URYVL	AVER	electrical	2
URYVL	IL1VL	chemical	1
URYVL	RIBL	chemical	2
URYVL	RIGL	electrical	2
URYVL	RMDDL	chemical	9
URYVL	RMDVR	chemical	3
URYVL	SMDVR	chemical	5
URYVR	AVBL	chemical	1
URYVR	AVEL	chemical	3
URYVR	IL1VR	chemical	4
URYVR	OLLR	chemical	1
URYVR	RIBR	chemical	2
URYVR	RIGR	electrical	2
URYVR	RMDDR	chemical	6
URYVR	RMDL	chemical	1
URYVR	RMDVL	chemical	2
URYVR	RMEV	chemical	1
URYVR	SIBDR	chemical	1
URYVR	SMDVL	chemical	3